date,openings_rate,quits_rate,layoffs_rate,openings_z,quits_z,layoffs_z,composite,jolts_mci,jolts_mci_ma12
2001-01-01,3.8,2.4,1.7,0.1086915201280522,1.0841442792298923,-0.590277013866263,0.20085292849722722,106.82984596311096,
2001-02-01,3.7,2.3,1.4,0.029738842068934113,0.8071057070246388,-0.065845313491498,0.25699974520069163,107.92392597130087,
2001-03-01,3.5,2.3,1.6,-0.12816651404930277,0.8071057070246388,-0.41546644707467495,0.08782424863355369,104.62736279039513,
2001-04-01,3.4,2.4,1.4,-0.2071191921084212,1.0841442792298923,-0.065845313491498,0.2703932578766577,108.18491270783493,
2001-05-01,3.2,2.3,1.5,-0.3650245482266577,0.8071057070246388,-0.24065588028308646,0.06714175950496488,104.22434265134245,
2001-06-01,3.2,2.2,1.5,-0.3650245482266577,0.5300671348193865,-0.24065588028308646,-0.025204431230119218,102.42487961767928,
2001-07-01,3.3,2.2,1.5,-0.2860718701675396,0.5300671348193865,-0.24065588028308646,0.0011131281229201466,102.93770505005565,101.8697499922419
2001-08-01,3.0,2.2,1.5,-0.5229299043448946,0.5300671348193865,-0.24065588028308646,-0.0778395499361982,101.39922875292653,101.28899219996576
2001-09-01,3.0,2.1,1.6,-0.5229299043448946,0.253028562614133,-0.41546644707467495,-0.22845592960181219,98.46430956118685,100.27441511536524
2001-10-01,2.7,2.1,1.8,-0.7597879385222496,0.253028562614133,-0.7650875806578514,-0.42394898552198934,94.65492094790471,99.52195317557268
2001-11-01,2.8,2.0,1.7,-0.6808352604631315,-0.024010009591120537,-0.590277013866263,-0.431707427973505,94.50373950469441,98.48562719626098
2001-12-01,2.7,2.0,1.5,-0.7597879385222496,-0.024010009591120537,-0.24065588028308646,-0.34148460946548553,96.26182638847101,97.62939346885175
2002-01-01,2.7,2.2,1.5,-0.7597879385222496,0.5300671348193865,-0.24065588028308646,-0.15679222799531653,99.86075245579738,96.88037954154971
2002-02-01,2.6,2.0,1.5,-0.838740616581368,-0.024010009591120537,-0.24065588028308646,-0.36780216881852495,95.74900095609463,96.14396406784856
2002-03-01,2.7,1.9,1.4,-0.7597879385222496,-0.30104858179637406,-0.065845313491498,-0.37556061127004053,95.5978195128843,95.6731117514459
2002-04-01,2.6,2.0,1.5,-0.838740616581368,-0.024010009591120537,-0.24065588028308646,-0.36780216881852495,95.74900095609463,95.25414532885158
2002-05-01,2.6,1.9,1.5,-0.838740616581368,-0.30104858179637406,-0.24065588028308646,-0.46014835955360955,93.94953792243143,95.19536341006214
2002-06-01,2.5,1.9,1.5,-0.9176932946404864,-0.30104858179637406,-0.24065588028308646,-0.486465918906649,93.43671249005504,94.9992246920683
2002-07-01,2.5,2.0,1.6,-0.9176932946404864,-0.024010009591120537,-0.41546644707467495,-0.452389917102094,94.10071936564175,94.72106308116894
2002-08-01,2.6,2.0,1.5,-0.838740616581368,-0.024010009591120537,-0.24065588028308646,-0.36780216881852495,95.74900095609463,94.13384052354873
2002-09-01,2.5,1.9,1.5,-0.9176932946404864,-0.30104858179637406,-0.24065588028308646,-0.486465918906649,93.43671249005504,93.89841436534739
2002-10-01,2.6,1.9,1.5,-0.838740616581368,-0.30104858179637406,-0.24065588028308646,-0.46014835955360955,93.94953792243143,93.48289595524363
2002-11-01,2.6,1.8,1.5,-0.838740616581368,-0.5780871540016269,-0.24065588028308646,-0.5524945502886938,92.15007488876824,93.054779091539
2002-12-01,2.4,1.9,1.5,-0.9966459726996049,-0.30104858179637406,-0.24065588028308646,-0.5127834782596884,92.92388705767867,92.76746703952932
2003-01-01,2.6,1.9,1.6,-0.838740616581368,-0.30104858179637406,-0.41546644707467495,-0.518418548484139,92.81408176435494,92.5228904402177
2003-02-01,2.4,1.9,1.5,-0.9966459726996049,-0.30104858179637406,-0.24065588028308646,-0.5127834782596884,92.92388705767867,91.9448183237078
2003-03-01,2.3,1.8,1.5,-1.0755986507587232,-0.5780871540016269,-0.24065588028308646,-0.6314472283478122,90.61159859163911,91.22023896688319
2003-04-01,2.3,1.8,1.5,-1.0755986507587232,-0.5780871540016269,-0.24065588028308646,-0.6314472283478122,90.61159859163911,90.98481280868187
2003-05-01,2.5,1.8,1.6,-0.9176932946404864,-0.5780871540016269,-0.41546644707467495,-0.6370822985722627,90.50179329831538,90.94207735598383
2003-06-01,2.5,1.8,1.6,-0.9176932946404864,-0.5780871540016269,-0.41546644707467495,-0.6370822985722627,90.50179329831538,90.8993419032858
2003-07-01,2.2,1.7,1.6,-1.1545513288178413,-0.8551257262068804,-0.41546644707467495,-0.8083811673664655,87.16385396752305,90.94207735598384
2003-08-01,2.4,1.7,1.7,-0.9966459726996049,-0.8551257262068804,-0.590277013866263,-0.814016237590916,87.05404867419931,90.79212210317856
2003-09-01,2.3,1.8,1.5,-1.0755986507587232,-0.5780871540016269,-0.24065588028308646,-0.6314472283478122,90.61159859163911,90.87759300857464
2003-10-01,2.5,1.9,1.5,-0.9176932946404864,-0.30104858179637406,-0.24065588028308646,-0.486465918906649,93.43671249005504,91.21108852577288
2003-11-01,2.5,1.8,1.5,-0.9176932946404864,-0.5780871540016269,-0.24065588028308646,-0.5788121096417332,91.63724945639187,91.48925013667224
2003-12-01,2.5,1.9,1.5,-0.9176932946404864,-0.30104858179637406,-0.24065588028308646,-0.486465918906649,93.43671249005504,91.66934238857469
2004-01-01,2.6,1.8,1.6,-0.838740616581368,-0.5780871540016269,-0.41546644707467495,-0.6107647392192233,91.01461873069175,92.15849558719798
2004-02-01,2.6,1.9,1.5,-0.838740616581368,-0.30104858179637406,-0.24065588028308646,-0.46014835955360955,93.94953792243143,93.0540167548147
2004-03-01,2.6,2.0,1.6,-0.838740616581368,-0.024010009591120537,-0.41546644707467495,-0.42607235774905455,94.61354479801813,93.77859611163932
2004-04-01,2.6,1.9,1.5,-0.838740616581368,-0.30104858179637406,-0.24065588028308646,-0.46014835955360955,93.94953792243143,94.14222862793473
2004-05-01,2.7,1.8,1.5,-0.7597879385222496,-0.5780871540016269,-0.24065588028308646,-0.5261769909356543,92.66290032114463,94.40779178523321
2004-06-01,2.5,2.0,1.4,-0.9176932946404864,-0.024010009591120537,-0.065845313491498,-0.335849539241035,96.37163168179474,94.90039299634707
2004-07-01,2.8,2.0,1.4,-0.6808352604631315,-0.024010009591120537,-0.065845313491498,-0.2568968611819167,97.91010797892386,95.26402551264249
2004-08-01,2.6,2.0,1.5,-0.838740616581368,-0.024010009591120537,-0.24065588028308646,-0.36780216881852495,95.74900095609463,95.89398352296071
2004-09-01,2.8,1.9,1.5,-0.6808352604631315,-0.30104858179637406,-0.24065588028308646,-0.40751324084753066,94.97518878718418,96.0775237873537
2004-10-01,2.9,1.9,1.4,-0.601882582404013,-0.30104858179637406,-0.065845313491498,-0.3229254925639617,96.62347037763706,96.35568539825306
2004-11-01,2.6,2.1,1.5,-0.838740616581368,0.253028562614133,-0.24065588028308646,-0.2754559780834405,97.5484639897578,96.82653771465573
2004-12-01,3.0,2.0,1.5,-0.5229299043448946,-0.024010009591120537,-0.24065588028308646,-0.2625319314063672,97.80030268560014,97.31913892576955
2005-01-01,2.8,2.1,1.5,-0.6808352604631315,0.253028562614133,-0.24065588028308646,-0.22282085937736165,98.57411485451057,97.54541464286058
2005-02-01,2.9,2.0,1.6,-0.601882582404013,-0.024010009591120537,-0.41546644707467495,-0.34711967968993623,96.15202109514726,97.67362100095467
2005-03-01,2.9,2.1,1.6,-0.601882582404013,0.253028562614133,-0.41546644707467495,-0.2547734889548517,97.95148412881046,98.2390946638637
2005-04-01,3.0,2.1,1.5,-0.5229299043448946,0.253028562614133,-0.24065588028308646,-0.1701857406712827,99.59976571926333,98.96712203317885
2005-05-01,2.8,2.1,1.5,-0.6808352604631315,0.253028562614133,-0.24065588028308646,-0.22282085937736165,98.57411485451057,99.30976799148743
2005-06-01,2.9,2.1,1.5,-0.601882582404013,0.253028562614133,-0.24065588028308646,-0.19650330002432218,99.08694028688694,99.71268794799033
2005-07-01,3.1,2.0,1.4,-0.4439772262857761,-0.024010009591120537,-0.065845313491498,-0.17794418312279822,99.44858427605303,100.0
2005-08-01,3.0,2.2,1.4,-0.5229299043448946,0.5300671348193865,-0.065845313491498,-0.019569361005668705,102.53468491100301,100.46740430391212
2005-09-01,3.1,2.3,1.5,-0.4439772262857761,0.8071057070246388,-0.24065588028308646,0.0408242001519254,103.71151721896608,101.04202840793145
2005-10-01,3.0,2.1,1.4,-0.5229299043448946,0.253028562614133,-0.065845313491498,-0.11191555174075322,100.73522187733982,101.59490361723964
2005-11-01,3.1,2.1,1.3,-0.4439772262857761,0.253028562614133,0.10896525330009008,-0.027327803457184358,102.3835034677927,101.71051152173287
2005-12-01,3.1,2.1,1.4,-0.4439772262857761,0.253028562614133,-0.065845313491498,-0.0855979923877137,101.2480473097162,102.03140858533025
2006-01-01,3.1,2.2,1.3,-0.4439772262857761,0.5300671348193865,0.10896525330009008,0.06501838727790014,104.18296650145587,102.54154834194038
2006-02-01,3.1,2.2,1.4,-0.4439772262857761,0.5300671348193865,-0.065845313491498,0.006748198347370791,103.04751034337937,102.84145884755092
2006-03-01,3.4,2.2,1.4,-0.2071191921084212,0.5300671348193865,-0.065845313491498,0.08570087640648909,104.58598664050854,103.06428655215137
2006-04-01,3.4,2.0,1.4,-0.2071191921084212,-0.024010009591120537,-0.065845313491498,-0.09899150506367992,100.98706057318216,103.03908964494967
2006-05-01,3.2,2.2,1.5,-0.3650245482266577,0.5300671348193865,-0.24065588028308646,-0.025204431230119218,102.42487961767928,103.274515803151
2006-06-01,3.3,2.2,1.3,-0.2860718701675396,0.5300671348193865,0.10896525330009008,0.11765350598397899,105.20861736620863,103.41532061484594
2006-07-01,3.1,2.2,1.4,-0.4439772262857761,0.5300671348193865,-0.065845313491498,0.006748198347370791,103.04751034337937,103.74536811955365
2006-08-01,3.3,2.2,1.3,-0.2860718701675396,0.5300671348193865,0.10896525330009008,0.11765350598397899,105.20861736620863,103.58626242563808
2006-09-01,3.3,2.1,1.3,-0.2860718701675396,0.253028562614133,0.10896525330009008,0.025307315248894485,103.40915433254546,103.61639942473523
2006-10-01,3.2,2.2,1.4,-0.3650245482266577,0.5300671348193865,-0.065845313491498,0.033065757700410266,103.56033577575579,103.65913487743329
2006-11-01,3.3,2.2,1.4,-0.2860718701675396,0.5300671348193865,-0.065845313491498,0.05938331705344963,104.07316120813215,103.67173333103415
2006-12-01,3.3,2.2,1.3,-0.2860718701675396,0.5300671348193865,0.10896525330009008,0.11765350598397899,105.20861736620863,103.80909013023854
2007-01-01,3.3,2.1,1.4,-0.2860718701675396,0.253028562614133,-0.065845313491498,-0.03296287368163487,102.27369817446896,103.70187033013131
2007-02-01,3.3,2.1,1.3,-0.2860718701675396,0.253028562614133,0.10896525330009008,0.025307315248894485,103.40915433254546,103.59465053002408
2007-03-01,3.5,2.2,1.4,-0.12816651404930277,0.5300671348193865,-0.065845313491498,0.11201843575952856,105.09881207288491,103.36267238431331
2007-04-01,3.3,2.1,1.5,-0.2860718701675396,0.253028562614133,-0.24065588028308646,-0.09123306261216435,101.13824201639248,102.77889783918364
2007-05-01,3.3,2.2,1.4,-0.2860718701675396,0.5300671348193865,-0.065845313491498,0.05938331705344963,104.07316120813215,102.62894258637839
2007-06-01,3.4,2.1,1.3,-0.2071191921084212,0.253028562614133,0.10896525330009008,0.051624874601933955,103.92197976492183,102.32903208076785
2007-07-01,3.2,2.1,1.4,-0.3650245482266577,0.253028562614133,-0.065845313491498,-0.059280433034674236,101.76087274209257,101.89176477595292
2007-08-01,3.2,2.2,1.5,-0.3650245482266577,0.5300671348193865,-0.24065588028308646,-0.025204431230119218,102.42487961767928,101.84902932325487
2007-09-01,3.3,1.9,1.6,-0.2860718701675396,-0.30104858179637406,-0.41546644707467495,-0.33419563301286287,96.40385979098961,101.62620161865442
2007-10-01,3.2,2.1,1.4,-0.3650245482266577,0.253028562614133,-0.065845313491498,-0.059280433034674236,101.76087274209257,100.96265859674845
2007-11-01,3.3,2.0,1.4,-0.2860718701675396,-0.024010009591120537,-0.065845313491498,-0.12530906441671938,100.47423514080577,100.84360267976467
2007-12-01,3.2,2.0,1.4,-0.3650245482266577,-0.024010009591120537,-0.065845313491498,-0.15162662376975874,99.9614097084294,100.26553056325479
2008-01-01,3.2,2.1,1.4,-0.3650245482266577,0.253028562614133,-0.065845313491498,-0.059280433034674236,101.76087274209257,99.38260784923891
2008-02-01,3.0,2.1,1.4,-0.5229299043448946,0.253028562614133,-0.065845313491498,-0.11191555174075322,100.73522187733982,98.62444348082657
2008-03-01,3.0,1.9,1.4,-0.5229299043448946,-0.30104858179637406,-0.065845313491498,-0.2966079332109222,97.13629581001344,97.67358840691095
2008-04-01,2.8,2.1,1.4,-0.6808352604631315,0.253028562614133,-0.065845313491498,-0.16455067044683216,99.70957101258705,97.19089997363174
2008-05-01,3.0,1.9,1.4,-0.5229299043448946,-0.30104858179637406,-0.065845313491498,-0.2966079332109222,97.13629581001344,95.96533130130729
2008-06-01,2.7,1.9,1.6,-0.7597879385222496,-0.30104858179637406,-0.41546644707467495,-0.4921009891310995,93.32690719673133,94.65429172358681
2008-07-01,2.7,1.8,1.5,-0.7597879385222496,-0.5780871540016269,-0.24065588028308646,-0.5261769909356543,92.66290032114463,93.14141099925268
2008-08-01,2.6,1.8,1.6,-0.838740616581368,-0.5780871540016269,-0.41546644707467495,-0.6107647392192233,91.01461873069175,91.25574731751284
2008-09-01,2.3,1.8,1.5,-1.0755986507587232,-0.5780871540016269,-0.24065588028308646,-0.6314472283478122,90.61159859163911,89.4982899938671
2008-10-01,2.4,1.7,1.7,-0.9966459726996049,-0.8551257262068804,-0.590277013866263,-0.814016237590916,87.05404867419931,87.80531701763056
2008-11-01,2.3,1.6,1.7,-1.0755986507587232,-1.1321642984121334,-0.590277013866263,-0.9326799876790398,84.74176020815975,85.56785693647184
2008-12-01,2.3,1.5,1.8,-1.0755986507587232,-1.409202870617387,-0.7650875806578514,-1.0832963673446538,81.80684101642008,83.91417140044277
2009-01-01,2.0,1.5,1.9,-1.3124566849360781,-1.409202870617387,-0.9398981474494396,-1.2205192343343017,79.13290856121445,82.57793491552054
2009-02-01,2.1,1.5,1.9,-1.2335040068769598,-1.409202870617387,-0.9398981474494396,-1.1942016749812623,79.64573399359082,81.21156143150115
2009-03-01,1.9,1.4,1.9,-1.3914093629951967,-1.6862414428226404,-0.9398981474494396,-1.3391829844224254,76.82062009517487,79.9699462930853
2009-04-01,1.7,1.3,2.0,-1.5493147191134333,-1.9632800150278933,-1.114708714241028,-1.5424344827941183,72.86005003868243,78.71003027244883
2009-05-01,1.9,1.3,1.7,-1.3914093629951967,-1.9632800150278933,-0.590277013866263,-1.314988797296451,77.29206937766467,77.94841789154596
2009-06-01,1.9,1.3,1.7,-1.3914093629951967,-1.9632800150278933,-0.590277013866263,-1.314988797296451,77.29206937766467,77.66680826815605
2009-07-01,1.7,1.3,1.7,-1.5493147191134333,-1.9632800150278933,-0.590277013866263,-1.3676239160025299,76.2664185129119,77.5351538975714
2009-08-01,1.8,1.2,1.6,-1.470362041054315,-2.240318587233147,-0.41546644707467495,-1.3753823584540459,76.11523706970156,77.75108557719078
2009-09-01,1.9,1.2,1.7,-1.3914093629951967,-2.240318587233147,-0.590277013866263,-1.4073349880315356,75.49260634400147,78.03150160421934
2009-10-01,1.8,1.3,1.6,-1.470362041054315,-1.9632800150278933,-0.41546644707467495,-1.283036167718961,77.91470010336478,78.45272244294286
2009-11-01,1.9,1.4,1.5,-1.3914093629951967,-1.6862414428226404,-0.24065588028308646,-1.1061022287003077,81.36244472748083,79.71413054298425
2009-12-01,1.9,1.4,1.6,-1.3914093629951967,-1.6862414428226404,-0.41546644707467495,-1.1643724176308374,80.22698856940434,80.3707775399091
2010-01-01,2.1,1.3,1.4,-1.2335040068769598,-1.9632800150278933,-0.065845313491498,-1.0875431117987837,81.72408871664689,80.85078029742208
2010-02-01,2.0,1.4,1.4,-1.3124566849360781,-1.6862414428226404,-0.065845313491498,-1.0215144804167389,83.01072631793369,81.25714826641553
2010-03-01,2.0,1.4,1.5,-1.3124566849360781,-1.6862414428226404,-0.24065588028308646,-1.0797846693472681,81.87527015985721,81.91724327583093
2010-04-01,2.4,1.5,1.3,-0.9966459726996049,-1.409202870617387,0.10896525330009008,-0.7656278633389673,87.9969472391789,82.77917943185996
2010-05-01,2.2,1.4,1.3,-1.1545513288178413,-1.6862414428226404,0.10896525330009008,-0.9106091727801305,85.17183334076294,83.46941144037253
2010-06-01,2.1,1.5,1.6,-1.2335040068769598,-1.409202870617387,-0.41546644707467495,-1.019391108189674,83.05210246782029,83.77771005036907
2010-07-01,2.3,1.4,1.7,-1.0755986507587232,-1.6862414428226404,-0.590277013866263,-1.1173723691492088,81.14283414083337,84.2878498069792
2010-08-01,2.2,1.4,1.4,-1.1545513288178413,-1.6862414428226404,-0.065845313491498,-0.9688793617106599,84.03637718268646,84.52327596518053
2010-09-01,2.2,1.5,1.4,-1.1545513288178413,-1.409202870617387,-0.065845313491498,-0.8765331709755754,85.83584021634965,84.93879437528429
2010-10-01,2.4,1.4,1.3,-0.9966459726996049,-1.6862414428226404,0.10896525330009008,-0.8579740540740516,86.19748420551572,85.35431278538806
2010-11-01,2.4,1.4,1.4,-0.9966459726996049,-1.6862414428226404,-0.065845313491498,-0.9162442430045811,85.06202804743923,85.10973618607643
2010-12-01,2.3,1.5,1.4,-1.0755986507587232,-1.409202870617387,-0.065845313491498,-0.8502156116225361,86.34866564872603,85.25054099777138
2011-01-01,2.3,1.4,1.4,-1.0755986507587232,-1.6862414428226404,-0.065845313491498,-0.9425618023576204,84.54920261506284,85.55883960776792
2011-02-01,2.4,1.5,1.3,-0.9966459726996049,-1.409202870617387,0.10896525330009008,-0.7656278633389673,87.9969472391789,86.16360071088441
2011-03-01,2.4,1.5,1.4,-0.9966459726996049,-1.409202870617387,-0.065845313491498,-0.8238980522694966,86.8614910811024,86.44176232178377
2011-04-01,2.4,1.4,1.4,-0.9966459726996049,-1.6862414428226404,-0.065845313491498,-0.9162442430045811,85.06202804743923,86.69817503797196
2011-05-01,2.4,1.5,1.4,-0.9966459726996049,-1.409202870617387,-0.065845313491498,-0.8238980522694966,86.8614910811024,86.88171530236495
2011-06-01,2.6,1.5,1.5,-0.838740616581368,-1.409202870617387,-0.24065588028308646,-0.8295331224939471,86.75168578777868,87.11714146056629
2011-07-01,2.7,1.5,1.4,-0.7597879385222496,-1.409202870617387,-0.065845313491498,-0.7449453742103782,88.39996737823155,87.33081872405644
2011-08-01,2.5,1.5,1.4,-0.9176932946404864,-1.409202870617387,-0.065845313491498,-0.797580492916457,87.3743165134788,87.78907258685825
2011-09-01,2.8,1.5,1.4,-0.6808352604631315,-1.409202870617387,-0.065845313491498,-0.7186278148573387,88.91279281060793,87.92987739855322
2011-10-01,2.7,1.5,1.4,-0.7597879385222496,-1.409202870617387,-0.065845313491498,-0.7449453742103782,88.39996737823155,88.388131261355
2011-11-01,2.6,1.5,1.4,-0.838740616581368,-1.409202870617387,-0.065845313491498,-0.7712629335634177,87.88714194585518,88.85898357775766
2011-12-01,2.8,1.5,1.4,-0.6808352604631315,-1.409202870617387,-0.065845313491498,-0.7186278148573387,88.91279281060793,89.08525929484868
2012-01-01,2.8,1.5,1.3,-0.6808352604631315,-1.409202870617387,0.10896525330009008,-0.6603576259268095,90.04824896868442,89.41530679955639
2012-02-01,2.6,1.6,1.4,-0.838740616581368,-1.1321642984121334,-0.065845313491498,-0.6789167428283331,89.68660497951836,89.50992814606275
2012-03-01,2.9,1.6,1.3,-0.601882582404013,-1.1321642984121334,0.10896525330009008,-0.5416938758386854,92.360537434724,89.63813450415684
2012-04-01,2.8,1.6,1.4,-0.6808352604631315,-1.1321642984121334,-0.065845313491498,-0.6262816241222543,90.71225584427113,89.58280059785795
2012-05-01,2.8,1.6,1.5,-0.6808352604631315,-1.1321642984121334,-0.24065588028308646,-0.6845518130527837,89.57679968619463,89.58280059785795
2012-06-01,2.8,1.6,1.4,-0.6808352604631315,-1.1321642984121334,-0.065845313491498,-0.6262816241222543,90.71225584427113,89.66827150325402
2012-07-01,2.7,1.5,1.3,-0.7597879385222496,-1.409202870617387,0.10896525330009008,-0.6866751852798488,89.53542353630804,89.80562830245843
2012-08-01,2.8,1.5,1.4,-0.6808352604631315,-1.409202870617387,-0.065845313491498,-0.7186278148573387,88.91279281060793,90.20016015457533
2012-09-01,2.8,1.4,1.3,-0.6808352604631315,-1.6862414428226404,0.10896525330009008,-0.7527038166618939,88.24878593502123,90.66756445848745
2012-10-01,2.7,1.5,1.4,-0.7597879385222496,-1.409202870617387,-0.065845313491498,-0.7449453742103782,88.39996737823155,90.66756445848745
2012-11-01,2.8,1.5,1.4,-0.6808352604631315,-1.409202870617387,-0.065845313491498,-0.7186278148573387,88.91279281060793,90.95487651049712
2012-12-01,2.9,1.5,1.3,-0.601882582404013,-1.409202870617387,0.10896525330009008,-0.63404006657377,90.5610744010608,91.22959010890592
2013-01-01,2.8,1.7,1.2,-0.6808352604631315,-0.8551257262068804,0.28377582009167857,-0.41739505552611106,94.7826311940873,91.40968236080836
2013-02-01,2.9,1.7,1.2,-0.601882582404013,-0.8551257262068804,0.28377582009167857,-0.39107749617307164,95.29545662646368,91.75232831911693
2013-03-01,2.9,1.6,1.3,-0.601882582404013,-1.1321642984121334,0.10896525330009008,-0.5416938758386854,92.360537434724,92.18959562393185
2013-04-01,2.9,1.7,1.3,-0.601882582404013,-0.8551257262068804,0.10896525330009008,-0.4493476851036011,94.16000046838718,92.58757548853931
2013-05-01,3.0,1.6,1.3,-0.5229299043448946,-1.1321642984121334,0.10896525330009008,-0.5153763164856461,92.87336286710037,93.2049350452567
2013-06-01,3.0,1.6,1.3,-0.5229299043448946,-1.1321642984121334,0.10896525330009008,-0.5153763164856461,92.87336286710037,93.73682369657801
2013-07-01,2.8,1.7,1.3,-0.6808352604631315,-0.8551257262068804,0.10896525330009008,-0.47566524445664066,93.6471750360108,94.03673420218854
2013-08-01,2.9,1.7,1.3,-0.601882582404013,-0.8551257262068804,0.10896525330009008,-0.4493476851036011,94.16000046838718,93.9848483083802
2013-09-01,2.9,1.7,1.4,-0.601882582404013,-0.8551257262068804,-0.065845313491498,-0.5076178740341305,93.0245443103107,94.12565312007514
2013-10-01,3.0,1.7,1.2,-0.5229299043448946,-0.8551257262068804,0.28377582009167857,-0.3647599368200322,95.80828205884005,94.60565587758812
2013-11-01,2.9,1.7,1.2,-0.601882582404013,-0.8551257262068804,0.28377582009167857,-0.39107749617307164,95.29545662646368,94.88381748848748
2013-12-01,2.9,1.7,1.3,-0.601882582404013,-0.8551257262068804,0.10896525330009008,-0.4493476851036011,94.16000046838718,95.40655569869848
2014-01-01,2.9,1.7,1.3,-0.601882582404013,-0.8551257262068804,0.10896525330009008,-0.4493476851036011,94.16000046838718,95.92014346779916
2014-02-01,3.1,1.8,1.3,-0.4439772262857761,-0.5780871540016269,0.10896525330009008,-0.3043663756624376,96.98511436680313,96.4764666895979
2014-03-01,3.1,1.8,1.2,-0.4439772262857761,-0.5780871540016269,0.28377582009167857,-0.24609618673190814,98.12057052487962,97.06292691049379
2014-04-01,3.2,1.8,1.3,-0.3650245482266577,-0.5780871540016269,0.10896525330009008,-0.2780488163093982,97.4979397991795,97.9157126254125
2014-05-01,3.3,1.8,1.2,-0.2860718701675396,-0.5780871540016269,0.28377582009167857,-0.19346106802582932,99.14622138963237,98.3346790480068
2014-06-01,3.5,1.8,1.3,-0.12816651404930277,-0.5780871540016269,0.10896525330009008,-0.19909613825027986,99.03641609630866,98.80553136440945
2014-07-01,3.4,1.9,1.3,-0.2071191921084212,-0.30104858179637406,0.10896525330009008,-0.13306750686823507,100.32305369759547,99.21189933340293
2014-08-01,3.7,1.8,1.2,0.029738842068934113,-0.5780871540016269,0.28377582009167857,-0.08819083061367143,101.1975231191379,100.00364871340298
2014-09-01,3.4,2.0,1.2,-0.2071191921084212,-0.024010009591120537,0.28377582009167857,0.017548872797378944,103.25797288933514,100.50463802890279
2014-10-01,3.5,1.9,1.3,-0.12816651404930277,-0.30104858179637406,0.10896525330009008,-0.10674994751519558,100.83587912997183,100.82898310499074
2014-11-01,3.3,1.9,1.2,-0.2860718701675396,-0.30104858179637406,0.28377582009167857,-0.10111487729074504,100.94568442329557,101.23535107398419
2014-12-01,3.5,1.8,1.3,-0.12816651404930277,-0.5780871540016269,0.10896525330009008,-0.19909613825027986,99.03641609630866,101.59898359027962
2015-01-01,3.7,2.0,1.3,0.029738842068934113,-0.024010009591120537,0.10896525330009008,0.038231361925967884,103.66099302838778,101.79167429578291
2015-02-01,3.7,1.9,1.2,0.029738842068934113,-0.30104858179637406,0.28377582009167857,0.004155360121412877,102.99698615280109,102.1854438111755
2015-03-01,3.6,2.0,1.4,-0.04921383599018432,-0.024010009591120537,-0.065845313491498,-0.046356386357600955,102.01271143793491,102.48535431678603
2015-04-01,3.8,1.9,1.3,0.1086915201280522,-0.30104858179637406,0.10896525330009008,-0.027797269456077262,102.37435542710097,102.42431798186738
2015-05-01,3.8,1.9,1.2,0.1086915201280522,-0.30104858179637406,0.28377582009167857,0.030472919474452232,103.50981158517747,102.74521504546478
2015-06-01,3.6,1.9,1.3,-0.04921383599018432,-0.30104858179637406,0.10896525330009008,-0.0804323881621561,101.34870456234822,103.10884756176021
2015-07-01,4.1,1.9,1.2,0.3455495543054072,-0.30104858179637406,0.28377582009167857,0.10942559753357056,105.04828788230662,103.72965513096813
2015-08-01,3.7,2.0,1.2,0.029738842068934113,-0.024010009591120537,0.28377582009167857,0.09650155085649738,104.79644918646427,103.85786148906222
2015-09-01,3.7,2.0,1.4,0.029738842068934113,-0.024010009591120537,-0.065845313491498,-0.020038827004561475,102.5255368703113,104.14862155356246
2015-10-01,3.9,2.0,1.3,0.18764419818717062,-0.024010009591120537,0.10896525330009008,0.09086648063204672,104.68664389314056,104.45692016355899
2015-11-01,3.8,2.0,1.2,0.1086915201280522,-0.024010009591120537,0.28377582009167857,0.12281911020953673,105.30927461884065,104.89418746837391
2015-12-01,3.9,2.1,1.3,0.18764419818717062,0.253028562614133,0.10896525330009008,0.18321267136713124,106.48610692680374,105.1422120801761
2016-01-01,4.0,2.0,1.3,0.2665968762462891,-0.024010009591120537,0.10896525330009008,0.1171840399850862,105.19946932551693,105.62221483768907
2016-02-01,3.9,2.1,1.3,0.18764419818717062,0.253028562614133,0.10896525330009008,0.18321267136713124,106.48610692680374,105.87938989060159
2016-03-01,4.1,2.0,1.3,0.3455495543054072,-0.024010009591120537,0.10896525330009008,0.14350159933812556,105.7122947578933,105.9774592495985
2016-04-01,3.9,2.1,1.2,0.18764419818717062,0.253028562614133,0.28377582009167857,0.24148286029766072,107.62156308488022,106.49674944731896
2016-05-01,3.9,2.1,1.3,0.18764419818717062,0.253028562614133,0.10896525330009008,0.18321267136713124,106.48610692680374,106.75047648774091
2016-06-01,3.8,2.1,1.2,0.1086915201280522,0.253028562614133,0.28377582009167857,0.21516530094462125,107.10873765250383,106.98590264594223
2016-07-01,4.0,2.1,1.2,0.2665968762462891,0.253028562614133,0.28377582009167857,0.26780041965070017,108.13438851725661,107.0805239924486
2016-08-01,3.8,2.1,1.3,0.1086915201280522,0.253028562614133,0.10896525330009008,0.15689511201409176,105.97328149442735,107.34684948647141
2016-09-01,3.9,2.1,1.1,0.18764419818717062,0.253028562614133,0.45858638688326664,0.29975304922819007,108.75701924295672,107.44147083297777
2016-10-01,3.7,2.1,1.1,0.029738842068934113,0.253028562614133,0.45858638688326664,0.24711793052211126,107.73136837820397,107.7077963270006
2016-11-01,4.0,2.1,1.2,0.2665968762462891,0.253028562614133,0.28377582009167857,0.26780041965070017,108.13438851725661,107.75053177969863
2016-12-01,3.9,2.1,1.2,0.18764419818717062,0.253028562614133,0.28377582009167857,0.24148286029766072,107.62156308488022,107.80241767350697
2017-01-01,3.7,2.2,1.2,0.029738842068934113,0.5300671348193865,0.28377582009167857,0.2811939323266664,108.39537525379066,107.98595793789997
2017-02-01,3.9,2.1,1.2,0.18764419818717062,0.253028562614133,0.28377582009167857,0.24148286029766072,107.62156308488022,107.93407204409162
2017-03-01,3.8,2.2,1.2,0.1086915201280522,0.5300671348193865,0.28377582009167857,0.30751149167970576,108.90820068616705,108.06227840218573
2017-04-01,4.0,2.1,1.2,0.2665968762462891,0.253028562614133,0.28377582009167857,0.26780041965070017,108.13438851725661,108.20308321388067
2017-05-01,3.8,2.1,1.2,0.1086915201280522,0.253028562614133,0.28377582009167857,0.21516530094462125,107.10873765250383,108.4720943836697
2017-06-01,4.1,2.2,1.3,0.3455495543054072,0.5300671348193865,0.10896525330009008,0.3281939808082946,109.31122082521969,108.66478508917304
2017-07-01,4.1,2.1,1.3,0.3455495543054072,0.253028562614133,0.10896525330009008,0.23584779007321008,107.5117577915565,108.90021124737434
2017-08-01,4.1,2.1,1.3,0.3455495543054072,0.253028562614133,0.10896525330009008,0.23584779007321008,107.5117577915565,108.76209211144563
2017-09-01,4.1,2.2,1.2,0.3455495543054072,0.5300671348193865,0.28377582009167857,0.386464169738824,110.44667698329617,109.04025372234499
2017-10-01,4.2,2.2,1.2,0.42450223236452594,0.5300671348193865,0.28377582009167857,0.4127817290918636,110.95950241567256,109.29666643853318
2017-11-01,4.1,2.2,1.2,0.3455495543054072,0.5300671348193865,0.28377582009167857,0.386464169738824,110.44667698329617,109.76751875493585
2017-12-01,4.1,2.2,1.2,0.3455495543054072,0.5300671348193865,0.28377582009167857,0.386464169738824,110.44667698329617,110.3665774294326
2018-01-01,4.3,2.0,1.3,0.503454910423644,-0.024010009591120537,0.10896525330009008,0.19613671804420452,106.73794562264607,110.82483129223438
2018-02-01,4.2,2.2,1.2,0.42450223236452594,0.5300671348193865,0.28377582009167857,0.4127817290918636,110.95950241567256,111.43304040784146
2018-03-01,4.4,2.2,1.2,0.5824075884827629,0.5300671348193865,0.28377582009167857,0.4654168477979426,111.98515328042531,112.04124952344851
2018-04-01,4.4,2.3,1.2,0.5824075884827629,0.8071057070246388,0.28377582009167857,0.5577630385330267,113.78461631408851,112.44761749244196
2018-05-01,4.5,2.3,1.2,0.6613602665418808,0.8071057070246388,0.28377582009167857,0.584080597886066,114.29744174646488,112.81125000873739
2018-06-01,4.6,2.3,1.2,0.740312944600999,0.8071057070246388,0.28377582009167857,0.6103981572391054,114.81026717884126,113.16573208392249
2018-07-01,4.6,2.3,1.2,0.740312944600999,0.8071057070246388,0.28377582009167857,0.6103981572391054,114.81026717884126,113.614835505614
2018-08-01,4.6,2.3,1.2,0.740312944600999,0.8071057070246388,0.28377582009167857,0.6103981572391054,114.81026717884126,114.46762122053269
2018-09-01,4.7,2.3,1.2,0.8192656226601177,0.8071057070246388,0.28377582009167857,0.636715716592145,115.32309261121765,114.89573808423734
2018-10-01,4.7,2.3,1.2,0.8192656226601177,0.8071057070246388,0.28377582009167857,0.636715716592145,115.32309261121765,115.22578558894503
2018-11-01,4.8,2.3,1.3,0.8982183007192358,0.8071057070246388,0.10896525330009008,0.6047630870146549,114.70046188551754,115.21663514783472
2018-12-01,4.8,2.3,1.2,0.8982183007192358,0.8071057070246388,0.28377582009167857,0.6630332759451844,115.83591804359403,115.25937060053276
2019-01-01,4.8,2.3,1.1,0.8982183007192358,0.8071057070246388,0.45858638688326664,0.7213034648757137,116.97137420167051,115.25937060053275
2019-02-01,4.5,2.4,1.2,0.6613602665418808,1.0841442792298923,0.28377582009167857,0.6764267886211505,116.09690478012809,115.36659040063999
2019-03-01,4.6,2.3,1.1,0.740312944600999,0.8071057070246388,0.45858638688326664,0.6686683461696349,115.94572333691775,115.32385494794197
2019-04-01,4.6,2.3,1.3,0.740312944600999,0.8071057070246388,0.10896525330009008,0.5521279683085759,113.67481102076478,115.14376269603952
2019-05-01,4.6,2.3,1.2,0.740312944600999,0.8071057070246388,0.28377582009167857,0.6103981572391054,114.81026717884126,115.10102724334149
2019-06-01,4.6,2.3,1.2,0.740312944600999,0.8071057070246388,0.28377582009167857,0.6103981572391054,114.81026717884126,114.98197132635771
2019-07-01,4.5,2.4,1.2,0.6613602665418808,1.0841442792298923,0.28377582009167857,0.6764267886211505,116.09690478012809,114.63093726366314
2019-08-01,4.5,2.3,1.2,0.6613602665418808,0.8071057070246388,0.28377582009167857,0.584080597886066,114.29744174646488,114.40810955906267
2019-09-01,4.5,2.3,1.3,0.6613602665418808,0.8071057070246388,0.10896525330009008,0.5258104089555365,113.16198558838839,114.120797507053
2019-10-01,4.6,2.3,1.2,0.740312944600999,0.8071057070246388,0.28377582009167857,0.6103981572391054,114.81026717884126,106.08249188626962
2019-11-01,4.3,2.3,1.2,0.503454910423644,0.8071057070246388,0.28377582009167857,0.5314454791799871,113.2717908817121,98.97660768058779
2019-12-01,4.2,2.3,1.3,0.42450223236452594,0.8071057070246388,0.10896525330009008,0.4468577308964183,111.62350929125925,97.4419780615425
2020-01-01,4.5,2.3,1.2,0.6613602665418808,0.8071057070246388,0.28377582009167857,0.584080597886066,114.29744174646488,96.33546530620187
2020-02-01,4.4,2.3,1.3,0.5824075884827629,0.8071057070246388,0.10896525330009008,0.49949284960249724,112.649160156012,95.94093345408494
2020-03-01,3.8,1.9,8.6,0.1086915201280522,-0.30104858179637406,-12.652206122485856,-4.281521061384725,19.486055887517306,95.69290884228276
2020-04-01,3.4,1.5,7.0,-0.2071191921084212,-1.409202870617387,-9.855237053820442,-3.82385303884875,28.404200552582846,95.68946082979222
2020-05-01,4.0,1.7,1.6,0.2665968762462891,-0.8551257262068804,-0.41546644707467495,-0.33466509901175545,96.3947117502979,95.68946082979222
2020-06-01,4.3,1.9,1.6,0.503454910423644,-0.30104858179637406,-0.41546644707467495,-0.07102003948246834,101.5321141147534,95.38384789556193
2020-07-01,4.5,2.2,1.3,0.6613602665418808,0.5300671348193865,0.10896525330009008,0.43346421822045245,111.3625225547252,95.66200950646129
2020-08-01,4.4,2.1,1.1,0.5824075884827629,0.253028562614133,0.45858638688326664,0.43134084599338746,111.32114640483863,95.88483721106176
2020-09-01,4.4,2.2,1.1,0.5824075884827629,0.5300671348193865,0.45858638688326664,0.523687036728472,113.12060943850182,96.56591877846402
2020-10-01,4.6,2.3,1.2,0.740312944600999,0.8071057070246388,0.28377582009167857,0.6103981572391054,114.81026717884126,105.42611077834461
2020-11-01,4.6,2.2,1.5,0.740312944600999,0.5300671348193865,-0.24065588028308646,0.343241399712433,109.60443567094862,114.05671182523712
2020-12-01,4.5,2.4,1.3,0.6613602665418808,1.0841442792298923,0.10896525330009008,0.618156599690621,114.96144862205158,117.09430939078187
2021-01-01,4.8,2.3,1.1,0.8982183007192358,0.8071057070246388,0.45858638688326664,0.7213034648757137,116.97137420167051,120.08917150362862
2021-02-01,5.2,2.4,1.1,1.2140290129557096,1.0841442792298923,0.45858638688326664,0.9189198930229563,120.82213896483924,122.34115337743015
2021-03-01,5.6,2.5,1.0,1.5298397251921827,1.3611828514351458,0.633396953674855,1.174806510100728,125.80835988608443,124.64846915753053
2021-04-01,6.1,2.7,1.0,1.9246031154877745,1.9152599958456529,0.633396953674855,1.491086688336094,131.9714131152927,126.81842813842651
2021-05-01,6.4,2.6,0.9,2.16146114966513,1.6382214236403994,0.8082075204664434,1.5359633645906576,132.84588253683515,128.87771930672474
2021-06-01,6.6,2.8,0.9,2.3193665057833663,2.192298568050905,0.8082075204664434,1.7732908647669048,137.47045946891427,131.67074027295786
2021-07-01,7.0,2.8,1.0,2.63517721801984,2.192298568050905,0.633396953674855,1.8202909132485334,138.38630504034333,133.9101236931585
2021-08-01,6.9,2.8,0.9,2.5562245399607217,2.192298568050905,0.8082075204664434,1.8522435428260235,139.00893576604344,135.93927786235955
2021-09-01,6.8,2.9,1.0,2.477271861901603,2.4693371402561586,0.633396953674855,1.860001985277539,139.16011720925374,137.583050620554
2021-10-01,7.0,2.8,0.9,2.63517721801984,2.192298568050905,0.8082075204664434,1.878561102179063,139.5217611984198,139.08946657954405
2021-11-01,7.0,3.0,0.9,2.63517721801984,2.746375712461412,0.8082075204664434,2.063253483649232,143.12068726574617,140.1467791168426
2021-12-01,7.1,2.9,0.9,2.714129896078958,2.4693371402561586,0.8082075204664434,1.9972248522671867,141.83404966445937,140.65121644483298
2022-01-01,7.0,2.9,0.9,2.63517721801984,2.4693371402561586,0.8082075204664434,1.9709072929141476,141.321224232083,140.53484620361542
2022-02-01,7.2,2.8,0.9,2.7930825741380767,2.192298568050905,0.8082075204664434,1.9311962208851419,140.54741206317257,140.23493569800488
2022-03-01,7.5,2.9,0.9,3.0299406083154317,2.4693371402561586,0.8082075204664434,2.1024950896793446,143.8853513939649,139.84116618261228
2022-04-01,7.3,3.0,0.9,2.872035252197195,2.746375712461412,0.8082075204664434,2.14220616170835,144.65916356287534,139.55040611811208
2022-05-01,7.1,2.8,1.0,2.714129896078958,2.192298568050905,0.633396953674855,1.8466084726015728,138.8991304727197,138.89946154980697
2022-06-01,6.9,2.7,1.0,2.5562245399607217,1.9152599958456529,0.633396953674855,1.7016271631604099,136.07401657430376,137.94860647589135
2022-07-01,7.0,2.6,1.0,2.63517721801984,1.6382214236403994,0.633396953674855,1.635598531778365,134.78737897301696,137.3403973602843
2022-08-01,6.2,2.8,1.0,2.003555793546893,2.192298568050905,0.633396953674855,1.6097504384242176,134.28370158133228,136.20945003446624
2022-09-01,6.6,2.7,0.9,2.3193665057833663,1.9152599958456529,0.8082075204664434,1.680944674031821,135.67099643525108,135.15213749716767
2022-10-01,6.4,2.6,1.0,2.16146114966513,1.6382214236403994,0.633396953674855,1.4776931756601284,131.71042637875868,133.43472995045371
2022-11-01,6.4,2.6,1.0,2.16146114966513,1.6382214236403994,0.633396953674855,1.4776931756601284,131.71042637875868,131.6402396027297
2022-12-01,6.6,2.7,1.0,2.3193665057833663,1.9152599958456529,0.633396953674855,1.6226744851012915,134.5355402771746,130.7420327593467
2023-01-01,6.2,2.5,1.1,2.003555793546893,1.3611828514351458,0.45858638688326664,1.2744416772884353,127.74985632226623,129.64198476935016
2023-02-01,6.0,2.5,1.0,1.8456504374286564,1.3611828514351458,0.633396953674855,1.2800767475128858,127.85966161558994,128.37099496856143
2023-03-01,5.9,2.4,1.2,1.7666977593695383,1.0841442792298923,0.28377582009167857,1.044872619563703,123.27646083339741,127.27018464184054
2023-04-01,6.0,2.3,1.1,1.8456504374286564,0.8071057070246388,0.45858638688326664,1.0371141771121872,123.12527939018707,126.1483877571328
2023-05-01,5.7,2.6,1.0,1.6087924032513015,1.6382214236403994,0.633396953674855,1.293470260188852,128.120648352124,125.18569656634061
2023-06-01,5.6,2.4,1.1,1.5298397251921827,1.0841442792298923,0.45858638688326664,1.024190130435114,122.87344069434477,124.22300537554842
2023-07-01,5.3,2.3,1.1,1.2929816910148277,0.8071057070246388,0.45858638688326664,0.8528912616409111,119.53550136355243,122.78031142724326
2023-08-01,5.6,2.3,1.1,1.5298397251921827,0.8071057070246388,0.45858638688326664,0.9318439397000294,121.07397766068155,121.80502178285023
2023-09-01,5.6,2.3,1.0,1.5298397251921827,0.8071057070246388,0.633396953674855,0.9901141286305588,122.20943381875804,120.8759156036458
2023-10-01,5.2,2.3,1.0,1.2140290129557096,0.8071057070246388,0.633396953674855,0.884843891218401,120.15813208925252,120.23067346396044
2023-11-01,5.2,2.3,1.0,1.2140290129557096,0.8071057070246388,0.633396953674855,0.884843891218401,120.15813208925252,119.5770432198891
2023-12-01,5.2,2.2,1.1,1.2140290129557096,0.5300671348193865,0.45858638688326664,0.7342275115527875,117.22321289751285,118.30529108237609
2024-01-01,5.1,2.1,1.0,1.1350763348965909,0.253028562614133,0.633396953674855,0.6738339503951929,116.04638058954977,117.5745780372947
2024-02-01,5.1,2.2,1.1,1.1350763348965909,0.5300671348193865,0.45858638688326664,0.707909952199748,116.71038746513646,116.9327839100999
2024-03-01,5.0,2.1,1.0,1.0561236568374728,0.253028562614133,0.633396953674855,0.6475163910421536,115.53355515717338,116.20551887750906
2024-04-01,4.6,2.2,1.0,0.740312944600999,0.5300671348193865,0.633396953674855,0.6345923443650802,115.28171646133106,115.06273543481444
2024-05-01,4.7,2.1,1.1,0.8192656226601177,0.253028562614133,0.45858638688326664,0.5102935240525058,112.85962270196777,114.31372150751241
2024-06-01,4.5,2.1,0.9,0.6613602665418808,0.253028562614133,0.8082075204664434,0.5741987832074857,114.10488415336798,113.26824508709042
2024-07-01,4.5,2.1,1.1,0.6613602665418808,0.253028562614133,0.45858638688326664,0.4576584053464268,111.83397183721499,112.47649570709036
2024-08-01,4.6,2.1,1.1,0.740312944600999,0.253028562614133,0.45858638688326664,0.4839759646994662,112.34679726959138,111.97550639159056
2024-09-01,4.2,2.0,1.1,0.42450223236452594,-0.024010009591120537,0.45858638688326664,0.286359536552224,108.49603250642265,111.28182637058741
2024-10-01,4.5,2.0,1.0,0.6613602665418808,-0.024010009591120537,0.633396953674855,0.42358240354187177,111.1699649616283,111.08989800180842
2024-11-01,4.6,1.9,1.2,0.740312944600999,-0.30104858179637406,0.28377582009167857,0.2410133942987678,107.61241504418851,110.56715979159743
2024-12-01,4.4,1.9,1.1,0.5824075884827629,-0.30104858179637406,0.45858638688326664,0.24664846452321845,107.72222033751224,110.43895343350334
2025-01-01,4.5,2.0,1.1,0.6613602665418808,-0.024010009591120537,0.45858638688326664,0.36531221461134233,110.03450880355182,110.06961848858815
2025-02-01,4.4,2.0,1.2,0.5824075884827629,-0.024010009591120537,0.28377582009167857,0.28072446632777365,108.38622721309893,109.83419233038681
2025-03-01,4.2,2.2,1.0,0.42450223236452594,0.5300671348193865,0.633396953674855,0.5293221069529225,113.23041473182553,109.41867392028304
2025-04-01,4.3,2.0,1.1,0.503454910423644,-0.024010009591120537,0.45858638688326664,0.3126770959052634,109.00885793879904,109.31145412017582
2025-05-01,4.4,2.1,1.1,0.5824075884827629,0.253028562614133,0.45858638688326664,0.43134084599338746,111.32114640483863,108.88678526896176
2025-06-01,4.3,2.1,1.2,0.503454910423644,0.253028562614133,0.28377582009167857,0.34675309770981855,109.67286481438575,109.0123059512896
2025-07-01,4.3,2.0,1.1,0.503454910423644,-0.024010009591120537,0.45858638688326664,0.3126770959052634,109.00885793879904,108.99131939330273
2025-08-01,4.2,2.0,1.2,0.42450223236452594,-0.024010009591120537,0.28377582009167857,0.22808934762169467,107.3605763483462,
2025-09-01,4.3,1.9,1.1,0.503454910423644,-0.30104858179637406,0.45858638688326664,0.22033090517017886,107.20939490513585,
2025-10-01,4.3,1.9,1.2,0.503454910423644,-0.30104858179637406,0.28377582009167857,0.1620607162396495,106.07393874705937,
2025-11-01,4.1,2.0,1.0,0.3455495543054072,-0.024010009591120537,0.633396953674855,0.3183121661297139,109.11866323212278,
2025-12-01,4.0,2.0,1.1,0.2665968762462891,-0.024010009591120537,0.45858638688326664,0.23372441784614506,107.47038164166992,
